Date,High,Low,Open,Close,Volume,Adj Close
2020-01-02,75.1500015258789,73.79750061035156,74.05999755859375,75.0875015258789,135480400.0,73.98846435546875
2020-01-03,75.1449966430664,74.125,74.2874984741211,74.35749816894531,146322800.0,73.26914978027344
2020-01-06,74.98999786376953,73.1875,73.44750213623047,74.94999694824219,118387200.0,73.85298156738281
2020-01-07,75.2249984741211,74.37000274658203,74.95999908447266,74.59750366210938,108872000.0,73.50565338134766
2020-01-08,76.11000061035156,74.29000091552734,74.29000091552734,75.79750061035156,132079200.0,74.68807983398438
2020-01-09,77.60749816894531,76.55000305175781,76.80999755859375,77.40750122070312,170108400.0,76.2745132446289
2020-01-10,78.1675033569336,77.0625,77.6500015258789,77.5824966430664,140644800.0,76.44693756103516
2020-01-13,79.26750183105469,77.7874984741211,77.91000366210938,79.23999786376953,121532000.0,78.0801773071289
2020-01-14,79.39250183105469,78.0425033569336,79.17500305175781,78.16999816894531,161954400.0,77.0258560180664
2020-01-15,78.875,77.38749694824219,77.9625015258789,77.83499908447266,121923600.0,76.69576263427734
2020-01-16,78.92500305175781,78.02249908447266,78.39749908447266,78.80999755859375,108829200.0,77.656494140625
2020-01-17,79.68499755859375,78.75,79.06749725341797,79.68250274658203,137816400.0,78.51622772216797
2020-01-21,79.75499725341797,79.0,79.29750061035156,79.14250183105469,110843200.0,77.9841079711914
2020-01-22,79.99749755859375,79.32749938964844,79.6449966430664,79.42500305175781,101832400.0,78.26248931884766
2020-01-23,79.88999938964844,78.9124984741211,79.4800033569336,79.80750274658203,104472000.0,78.63938903808594
2020-01-24,80.8324966430664,79.37999725341797,80.0625,79.57749938964844,146537600.0,78.41275024414062
2020-01-27,77.94249725341797,76.22000122070312,77.51499938964844,77.23750305175781,161940000.0,76.10700988769531
2020-01-28,79.5999984741211,78.04750061035156,78.1500015258789,79.42250061035156,162234000.0,78.26001739501953
2020-01-29,81.9625015258789,80.34500122070312,81.11250305175781,81.08499908447266,216229200.0,79.898193359375
2020-01-30,81.02249908447266,79.6875,80.13500213623047,80.96749877929688,126743200.0,79.78241729736328
2020-01-31,80.66999816894531,77.07250213623047,80.23249816894531,77.37750244140625,199588400.0,76.24495697021484
2020-02-03,78.37249755859375,75.55500030517578,76.07499694824219,77.16500091552734,173788400.0,76.03556060791016
2020-02-04,79.91000366210938,78.40750122070312,78.82749938964844,79.7125015258789,136616400.0,78.5457763671875
2020-02-05,81.19000244140625,79.73750305175781,80.87999725341797,80.36250305175781,118826800.0,79.18626403808594
2020-02-06,81.30500030517578,80.06500244140625,80.64250183105469,81.30249786376953,105425600.0,80.11250305175781
2020-02-07,80.8499984741211,79.5,80.59249877929688,80.00749969482422,117684000.0,79.02356719970703
2020-02-10,80.38749694824219,78.4625015258789,78.54499816894531,80.38749694824219,109348800.0,79.39888763427734
2020-02-11,80.9749984741211,79.67749786376953,80.9000015258789,79.90249633789062,94323200.0,78.91984558105469
2020-02-12,81.80500030517578,80.36750030517578,80.36750030517578,81.80000305175781,113730400.0,80.79402160644531
2020-02-13,81.55500030517578,80.8375015258789,81.04750061035156,81.21749877929688,94747600.0,80.21868133544922
2020-02-14,81.49500274658203,80.7125015258789,81.18499755859375,81.23750305175781,80113600.0,80.23843383789062
2020-02-18,79.9375,78.65249633789062,78.83999633789062,79.75,152531200.0,78.76922607421875
2020-02-19,81.14250183105469,80.0,80.0,80.90499877929688,93984000.0,79.91002655029297
2020-02-20,81.1624984741211,79.55249786376953,80.65750122070312,80.07499694824219,100566000.0,79.09021759033203
2020-02-21,80.11250305175781,77.625,79.65499877929688,78.26249694824219,129554000.0,77.3000259399414
2020-02-24,76.04499816894531,72.30750274658203,74.31500244140625,74.54499816894531,222195200.0,73.62823486328125
2020-02-25,75.63249969482422,71.53250122070312,75.23750305175781,72.0199966430664,230673600.0,71.13428497314453
2020-02-26,74.47000122070312,71.625,71.63249969482422,73.1624984741211,198054800.0,72.26274108886719
2020-02-27,71.5,68.23999786376953,70.2750015258789,68.37999725341797,320605600.0,67.53905487060547
2020-02-28,69.60250091552734,64.09249877929688,64.31500244140625,68.33999633789062,426510000.0,67.49954223632812
2020-03-02,75.36000061035156,69.43000030517578,70.56999969482422,74.70249938964844,341397200.0,73.78379821777344
2020-03-03,76.0,71.44999694824219,75.9175033569336,72.33000183105469,319475600.0,71.44047546386719
2020-03-04,75.8499984741211,73.28250122070312,74.11000061035156,75.68499755859375,219178400.0,74.75421905517578
2020-03-05,74.88749694824219,72.85250091552734,73.87999725341797,73.2300033569336,187572800.0,72.32940673828125
2020-03-06,72.70500183105469,70.30750274658203,70.5,72.25749969482422,226176800.0,71.3688735961914
2020-03-09,69.52249908447266,65.75,65.9375,66.5425033569336,286744800.0,65.72416687011719
2020-03-10,71.61000061035156,67.34249877929688,69.28500366210938,71.33499908447266,285290000.0,70.45771026611328
2020-03-11,70.30500030517578,67.96499633789062,69.34750366210938,68.85749816894531,255598800.0,68.01068878173828
2020-03-12,67.5,62.0,63.98500061035156,62.057498931884766,418474000.0,61.294307708740234
2020-03-13,69.9800033569336,63.23749923706055,66.22250366210938,69.49250030517578,370732000.0,68.63787841796875
2020-03-16,64.7699966430664,60.0,60.48749923706055,60.5525016784668,322423600.0,59.80781936645508
2020-03-17,64.40249633789062,59.599998474121094,61.877498626708984,63.21500015258789,324056000.0,62.43757247924805
2020-03-18,62.5,59.279998779296875,59.942501068115234,61.66749954223633,300233600.0,60.90910339355469
2020-03-19,63.209999084472656,60.65250015258789,61.84749984741211,61.19499969482422,271857200.0,60.442413330078125
2020-03-20,62.95750045776367,57.0,61.79499816894531,57.310001373291016,401693200.0,56.605201721191406
2020-03-23,57.125,53.15250015258789,57.02000045776367,56.092498779296875,336752800.0,55.40266799926758
2020-03-24,61.92250061035156,58.57500076293945,59.09000015258789,61.720001220703125,287531200.0,60.960968017578125
2020-03-25,64.5625,61.07500076293945,62.6875,61.380001068115234,303602000.0,60.62514114379883
2020-03-26,64.66999816894531,61.59000015258789,61.630001068115234,64.61000061035156,252087200.0,63.81542205810547
2020-03-27,63.967498779296875,61.76250076293945,63.1875,61.935001373291016,204216800.0,61.17332077026367
2020-03-30,63.880001068115234,62.349998474121094,62.685001373291016,63.70249938964844,167976400.0,62.9190788269043
2020-03-31,65.62249755859375,63.0,63.900001525878906,63.5724983215332,197002000.0,62.79068374633789
2020-04-01,62.18000030517578,59.782501220703125,61.625,60.227500915527344,176218400.0,59.48681640625
2020-04-02,61.287498474121094,59.224998474121094,60.084999084472656,61.23249816894531,165934000.0,60.479461669921875
2020-04-03,61.42499923706055,59.74250030517578,60.70000076293945,60.352500915527344,129880000.0,59.61027908325195
2020-04-06,65.77749633789062,62.345001220703125,62.724998474121094,65.61750030517578,201820400.0,64.81053161621094
2020-04-07,67.92500305175781,64.75,67.69999694824219,64.85749816894531,202887200.0,64.05986785888672
2020-04-08,66.84249877929688,65.30750274658203,65.68499755859375,66.51750183105469,168895200.0,65.699462890625
2020-04-09,67.51750183105469,66.17500305175781,67.17500305175781,66.99749755859375,161834800.0,66.17355346679688
2020-04-13,68.42500305175781,66.4574966430664,67.07749938964844,68.3125,131022800.0,67.47238159179688
2020-04-14,72.0625,69.51249694824219,70.0,71.76249694824219,194994800.0,70.87994384765625
2020-04-15,71.5824966430664,70.15750122070312,70.5999984741211,71.10749816894531,131154400.0,70.23301696777344
2020-04-16,72.05000305175781,70.5875015258789,71.84500122070312,71.67250061035156,157125200.0,70.79106903076172
2020-04-17,71.73750305175781,69.21499633789062,71.17250061035156,70.69999694824219,215250000.0,69.83052062988281
2020-04-20,70.41999816894531,69.2125015258789,69.48750305175781,69.23249816894531,130015200.0,68.38107299804688
2020-04-21,69.3125,66.35749816894531,69.06999969482422,67.09249877929688,180991600.0,66.26738739013672
2020-04-22,69.4749984741211,68.05000305175781,68.40249633789062,69.0250015258789,116862400.0,68.1761245727539
2020-04-23,70.4375,68.71749877929688,68.96749877929688,68.75749969482422,124814400.0,67.91191864013672
2020-04-24,70.75250244140625,69.25,69.30000305175781,70.74250030517578,126161200.0,69.87251281738281
2020-04-27,71.13500213623047,69.98750305175781,70.44999694824219,70.7925033569336,117087600.0,69.92188262939453
2020-04-28,71.4574966430664,69.55000305175781,71.2699966430664,69.6449966430664,112004800.0,68.78849792480469
2020-04-29,72.4175033569336,70.97250366210938,71.18250274658203,71.93250274658203,137280800.0,71.04785919189453
2020-04-30,73.63249969482422,72.0875015258789,72.48999786376953,73.44999694824219,183064000.0,72.54670715332031
2020-05-01,74.75,71.4625015258789,71.5625,72.26750183105469,240616800.0,71.37874603271484
2020-05-04,73.42250061035156,71.58000183105469,72.2925033569336,73.29000091552734,133568000.0,72.38867950439453
2020-05-05,75.25,73.61499786376953,73.76499938964844,74.38999938964844,147751200.0,73.47514343261719
2020-05-06,75.80999755859375,74.71749877929688,75.11499786376953,75.15750122070312,142333600.0,74.23320770263672
2020-05-07,76.2925033569336,75.49250030517578,75.80500030517578,75.93499755859375,115215200.0,75.00114440917969
2020-05-08,77.5875015258789,76.07250213623047,76.41000366210938,77.53250122070312,133838400.0,76.78629302978516
2020-05-11,79.26249694824219,76.80999755859375,77.0250015258789,78.75250244140625,145946400.0,77.99455261230469
2020-05-12,79.92250061035156,77.72750091552734,79.4574966430664,77.85250091552734,162301200.0,77.10322570800781
2020-05-13,78.98750305175781,75.80249786376953,78.0374984741211,76.9124984741211,200622400.0,76.17225646972656
2020-05-14,77.44750213623047,75.38249969482422,76.12750244140625,77.38500213623047,158929200.0,76.64022064208984
2020-05-15,76.9749984741211,75.05249786376953,75.0875015258789,76.92749786376953,166348400.0,76.18711853027344
2020-05-18,79.125,77.58000183105469,78.2925033569336,78.73999786376953,135178400.0,77.98217010498047
2020-05-19,79.62999725341797,78.25250244140625,78.75749969482422,78.28500366210938,101729600.0,77.53156280517578
2020-05-20,79.87999725341797,79.12999725341797,79.16999816894531,79.80750274658203,111504800.0,79.0394058227539
2020-05-21,80.22250366210938,78.96749877929688,79.66500091552734,79.2125015258789,102688800.0,78.45013427734375
2020-05-22,79.80750274658203,78.8375015258789,78.94249725341797,79.72250366210938,81803200.0,78.95523071289062
2020-05-26,81.05999755859375,79.125,80.875,79.18250274658203,125522000.0,78.42042541503906
2020-05-27,79.67749786376953,78.27249908447266,79.03500366210938,79.52749633789062,112945200.0,78.76209259033203
2020-05-28,80.86000061035156,78.90750122070312,79.19249725341797,79.5625,133560800.0,78.7967529296875
2020-05-29,80.2874984741211,79.11750030517578,79.8125,79.48500061035156,153532400.0,78.72001647949219
2020-06-01,80.5875015258789,79.30249786376953,79.4375,80.4625015258789,80791200.0,79.68810272216797
2020-06-02,80.86000061035156,79.73249816894531,80.1875,80.83499908447266,87642800.0,80.05701446533203
2020-06-03,81.55000305175781,80.57499694824219,81.16500091552734,81.27999877929688,104491200.0,80.49772644042969
2020-06-04,81.40499877929688,80.19499969482422,81.09750366210938,80.58000183105469,87560400.0,79.80447387695312
2020-06-05,82.9375,80.80750274658203,80.8375015258789,82.875,137250400.0,82.07737731933594
2020-06-08,83.4000015258789,81.83000183105469,82.5625,83.36499786376953,95654400.0,82.56265258789062
2020-06-09,86.40249633789062,83.00250244140625,83.03500366210938,85.99749755859375,147712400.0,85.1698226928711
2020-06-10,88.69249725341797,86.52249908447266,86.9749984741211,88.20999908447266,166651600.0,87.36103057861328
2020-06-11,87.76499938964844,83.87000274658203,87.32749938964844,83.9749984741211,201662400.0,83.16677856445312
2020-06-12,86.94999694824219,83.55500030517578,86.18000030517578,84.69999694824219,200146000.0,83.88481903076172
2020-06-15,86.41999816894531,83.1449966430664,83.3125,85.74749755859375,138808800.0,84.92222595214844
2020-06-16,88.30000305175781,86.18000030517578,87.86499786376953,88.0199966430664,165428800.0,87.17285919189453
2020-06-17,88.8499984741211,87.77249908447266,88.7874984741211,87.89749908447266,114406400.0,87.0515365600586
2020-06-18,88.36250305175781,87.30500030517578,87.85250091552734,87.93250274658203,96820400.0,87.0862045288086
2020-06-19,89.13999938964844,86.2874984741211,88.66000366210938,87.43000030517578,264476000.0,86.58853912353516
2020-06-22,89.86499786376953,87.7874984741211,87.83499908447266,89.71749877929688,135445200.0,88.85401916503906
2020-06-23,93.09500122070312,90.56749725341797,91.0,91.63249969482422,212155600.0,90.75059509277344
2020-06-24,92.19750213623047,89.62999725341797,91.25,90.01499938964844,192623200.0,89.1486587524414
2020-06-25,91.25,89.39250183105469,90.17500305175781,91.20999908447266,137522400.0,90.3321533203125
2020-06-26,91.33000183105469,88.25499725341797,91.10250091552734,88.40750122070312,205256800.0,87.55663299560547
2020-06-29,90.5425033569336,87.81999969482422,88.3125,90.44499969482422,130646000.0,89.57451629638672
2020-06-30,91.49500274658203,90.0,90.0199966430664,91.19999694824219,140223200.0,90.32225036621094
2020-07-01,91.83999633789062,90.97750091552734,91.27999877929688,91.02749633789062,110737200.0,90.15141296386719
2020-07-02,92.61750030517578,90.91000366210938,91.9625015258789,91.02749633789062,114041600.0,90.15141296386719
2020-07-06,93.94499969482422,92.46749877929688,92.5,93.4625015258789,118655600.0,92.56298065185547
2020-07-07,94.65499877929688,93.05750274658203,93.85250091552734,93.17250061035156,112424400.0,92.27577209472656
2020-07-08,95.375,94.08999633789062,94.18000030517578,95.34249877929688,117092000.0,94.42489624023438
2020-07-09,96.31749725341797,94.67250061035156,96.26249694824219,95.75250244140625,125642800.0,94.83094787597656
2020-07-10,95.9800033569336,94.70500183105469,95.33499908447266,95.91999816894531,90257200.0,94.996826171875
2020-07-13,99.95500183105469,95.25749969482422,97.26499938964844,95.47750091552734,191649200.0,94.55859375
2020-07-14,97.25499725341797,93.87750244140625,94.83999633789062,97.05750274658203,170989200.0,96.12338256835938
2020-07-15,99.24749755859375,96.48999786376953,98.98999786376953,97.7249984741211,153198000.0,96.78445434570312
2020-07-16,97.40499877929688,95.90499877929688,96.5625,96.52249908447266,110577600.0,95.5935287475586
2020-07-17,97.14749908447266,95.83999633789062,96.98750305175781,96.32749938964844,92186800.0,95.40039825439453
2020-07-20,98.5,96.0625,96.4175033569336,98.35749816894531,90318000.0,97.41087341308594
2020-07-21,99.25,96.74250030517578,99.17250061035156,97.0,103433200.0,96.06643676757812
2020-07-22,97.9749984741211,96.60250091552734,96.69249725341797,97.27249908447266,89001600.0,96.33631134033203
2020-07-23,97.07749938964844,92.01000213623047,96.99749755859375,92.84500122070312,197004400.0,91.95143127441406
2020-07-24,92.97000122070312,89.1449966430664,90.98750305175781,92.61499786376953,185438800.0,91.7236328125
2020-07-27,94.90499877929688,93.4800033569336,93.70999908447266,94.80999755859375,121214000.0,93.89750671386719
2020-07-28,94.55000305175781,93.24749755859375,94.36750030517578,93.25250244140625,103625600.0,92.3550033569336
2020-07-29,95.2300033569336,93.7125015258789,93.75,95.04000091552734,90329200.0,94.12529754638672
2020-07-30,96.29750061035156,93.76750183105469,94.1875,96.19000244140625,158130000.0,95.26422882080078
2020-07-31,106.41500091552734,100.82499694824219,102.88500213623047,106.26000213623047,374336800.0,105.23731231689453
2020-08-03,111.63749694824219,107.89250183105469,108.19999694824219,108.9375,308151200.0,107.8890380859375
2020-08-04,110.79000091552734,108.38749694824219,109.13249969482422,109.66500091552734,173071600.0,108.60954284667969
2020-08-05,110.39250183105469,108.89749908447266,109.37750244140625,110.0625,121776800.0,109.00321960449219
2020-08-06,114.4124984741211,109.79750061035156,110.40499877929688,113.90249633789062,202428800.0,112.8062515258789
2020-08-07,113.67500305175781,110.2925033569336,113.20500183105469,111.11250305175781,198045600.0,110.24151611328125
2020-08-10,113.7750015258789,110.0,112.5999984741211,112.72750091552734,212403600.0,111.84385681152344
2020-08-11,112.48249816894531,109.10749816894531,111.97000122070312,109.375,187902400.0,108.51763916015625
2020-08-12,113.2750015258789,110.29750061035156,110.49749755859375,113.01000213623047,165598000.0,112.1241455078125
2020-08-13,116.0425033569336,113.92749786376953,114.43000030517578,115.01000213623047,210082000.0,114.10845947265625
2020-08-14,115.0,113.04499816894531,114.83000183105469,114.90750122070312,165565200.0,114.00676727294922
2020-08-17,116.0875015258789,113.9625015258789,116.0625,114.60749816894531,119561600.0,113.70912170410156
2020-08-18,116.0,114.00749969482422,114.35250091552734,115.5625,105633600.0,114.65663146972656
2020-08-19,117.1624984741211,115.61000061035156,115.98249816894531,115.7074966430664,145538000.0,114.80049896240234
2020-08-20,118.39250183105469,115.73249816894531,115.75,118.2750015258789,126907200.0,117.34786987304688
2020-08-21,124.86750030517578,119.25,119.26249694824219,124.37000274658203,338054800.0,123.39509582519531
2020-08-24,128.78500366210938,123.9375,128.69749450683594,125.85749816894531,345937600.0,124.87093353271484
2020-08-25,125.18000030517578,123.05249786376953,124.69750213623047,124.82499694824219,211495600.0,123.84652709960938
2020-08-26,126.99250030517578,125.0824966430664,126.18000030517578,126.52249908447266,163022400.0,125.53072357177734
2020-08-27,127.48500061035156,123.8324966430664,127.14250183105469,125.01000213623047,155552400.0,124.03008270263672
2020-08-28,126.44249725341797,124.57749938964844,126.01249694824219,124.80750274658203,187630000.0,123.82917785644531
2020-08-31,131.0,126.0,127.58000183105469,129.0399932861328,225702700.0,128.02847290039062
2020-09-01,134.8000030517578,130.52999877929688,132.75999450683594,134.17999267578125,151948100.0,133.12820434570312
2020-09-02,137.97999572753906,127.0,137.58999633789062,131.39999389648438,200119000.0,130.3699951171875
2020-09-03,128.83999633789062,120.5,126.91000366210938,120.87999725341797,257599600.0,119.93244171142578
2020-09-04,123.69999694824219,110.88999938964844,120.06999969482422,120.95999908447266,332607200.0,120.01183319091797
2020-09-08,118.98999786376953,112.68000030517578,113.94999694824219,112.81999969482422,231366600.0,111.93563079833984
2020-09-09,119.13999938964844,115.26000213623047,117.26000213623047,117.31999969482422,176940500.0,116.40036010742188
2020-09-10,120.5,112.5,120.36000061035156,113.48999786376953,182274400.0,112.60037994384766
2020-09-11,115.2300033569336,110.0,114.56999969482422,112.0,180860300.0,111.12206268310547
2020-09-14,115.93000030517578,112.80000305175781,114.72000122070312,115.36000061035156,140150100.0,114.45572662353516
2020-09-15,118.83000183105469,113.61000061035156,118.33000183105469,115.54000091552734,184642000.0,114.63431549072266
2020-09-16,116.0,112.04000091552734,115.2300033569336,112.12999725341797,154679000.0,111.25103759765625
2020-09-17,112.19999694824219,108.70999908447266,109.72000122070312,110.33999633789062,178011000.0,109.4750747680664
2020-09-18,110.87999725341797,106.08999633789062,110.4000015258789,106.83999633789062,287104900.0,106.00250244140625
2020-09-21,110.19000244140625,103.0999984741211,104.54000091552734,110.08000183105469,195713800.0,109.21711730957031
2020-09-22,112.86000061035156,109.16000366210938,112.68000030517578,111.80999755859375,183055400.0,110.93354797363281
2020-09-23,112.11000061035156,106.7699966430664,111.62000274658203,107.12000274658203,150718700.0,106.28032684326172
2020-09-24,110.25,105.0,105.16999816894531,108.22000122070312,167743300.0,107.37169647216797
2020-09-25,112.44000244140625,107.66999816894531,108.43000030517578,112.27999877929688,149981400.0,111.39986419677734
2020-09-28,115.31999969482422,112.77999877929688,115.01000213623047,114.95999908447266,137672400.0,114.0588607788086
2020-09-29,115.30999755859375,113.56999969482422,114.55000305175781,114.08999633789062,99382200.0,113.1956787109375
2020-09-30,117.26000213623047,113.62000274658203,113.79000091552734,115.80999755859375,142675200.0,114.90219116210938
2020-10-01,117.72000122070312,115.83000183105469,117.63999938964844,116.79000091552734,116120400.0,115.87451171875
2020-10-02,115.37000274658203,112.22000122070312,112.88999938964844,113.0199966430664,144712000.0,112.1340560913086
2020-10-05,116.6500015258789,113.55000305175781,113.91000366210938,116.5,106243800.0,115.5867919921875
2020-10-06,116.12000274658203,112.25,115.69999694824219,113.16000366210938,161498200.0,112.27297973632812
2020-10-07,115.55000305175781,114.12999725341797,114.62000274658203,115.08000183105469,96849000.0,114.17792510986328
2020-10-08,116.4000015258789,114.58999633789062,116.25,114.97000122070312,83477200.0,114.06877899169922
2020-10-09,117.0,114.91999816894531,115.27999877929688,116.97000122070312,100506900.0,116.05310821533203
2020-10-12,125.18000030517578,119.27999877929688,120.05999755859375,124.4000015258789,240226800.0,123.42485809326172
2020-10-13,125.38999938964844,119.6500015258789,125.2699966430664,121.0999984741211,262330500.0,120.15072631835938
2020-10-14,123.02999877929688,119.62000274658203,121.0,121.19000244140625,150712000.0,120.24003601074219
2020-10-15,121.19999694824219,118.1500015258789,118.72000122070312,120.70999908447266,112559200.0,119.76378631591797
2020-10-16,121.55000305175781,118.80999755859375,121.27999877929688,119.0199966430664,115393800.0,118.08702850341797
2020-10-19,120.41999816894531,115.66000366210938,119.95999908447266,115.9800033569336,120639300.0,115.07087707519531
2020-10-20,118.9800033569336,115.62999725341797,116.19999694824219,117.51000213623047,124423700.0,116.5888671875
2020-10-21,118.70999908447266,116.44999694824219,116.66999816894531,116.87000274658203,89946000.0,115.95388793945312
2020-10-22,118.04000091552734,114.58999633789062,117.44999694824219,115.75,101988000.0,114.84266662597656
2020-10-23,116.55000305175781,114.27999877929688,116.38999938964844,115.04000091552734,82572600.0,114.13823699951172
2020-10-26,116.55000305175781,112.87999725341797,114.01000213623047,115.05000305175781,111850700.0,114.14815521240234
2020-10-27,117.27999877929688,114.54000091552734,115.48999786376953,116.5999984741211,92276800.0,115.68600463867188
2020-10-28,115.43000030517578,111.0999984741211,115.05000305175781,111.19999694824219,143937800.0,110.32833099365234
2020-10-29,116.93000030517578,112.19999694824219,112.37000274658203,115.31999969482422,146129200.0,114.4160385131836
2020-10-30,111.98999786376953,107.72000122070312,111.05999755859375,108.86000061035156,190272600.0,108.00666809082031
2020-11-02,110.68000030517578,107.31999969482422,109.11000061035156,108.7699966430664,122866900.0,107.91737365722656
2020-11-03,111.48999786376953,108.7300033569336,109.66000366210938,110.44000244140625,107624400.0,109.57429504394531
2020-11-04,115.58999633789062,112.3499984741211,114.13999938964844,114.94999694824219,138235500.0,114.04893493652344
2020-11-05,119.62000274658203,116.87000274658203,117.94999694824219,119.02999877929688,126387100.0,118.09695434570312
2020-11-06,119.19999694824219,116.12999725341797,118.31999969482422,118.69000244140625,114457900.0,117.9627914428711
2020-11-09,121.98999786376953,116.05000305175781,120.5,116.31999969482422,154515300.0,115.60730743408203
2020-11-10,117.58999633789062,114.12999725341797,115.55000305175781,115.97000122070312,138023400.0,115.25945281982422
2020-11-11,119.62999725341797,116.44000244140625,117.19000244140625,119.48999786376953,112295000.0,118.75787353515625
2020-11-12,120.52999877929688,118.56999969482422,119.62000274658203,119.20999908447266,103162300.0,118.47959899902344
2020-11-13,119.66999816894531,117.87000274658203,119.44000244140625,119.26000213623047,81581900.0,118.529296875
2020-11-16,120.98999786376953,118.1500015258789,118.91999816894531,120.30000305175781,91183000.0,119.56291961669922
2020-11-17,120.66999816894531,118.95999908447266,119.55000305175781,119.38999938964844,74271000.0,118.65849304199219
2020-11-18,119.81999969482422,118.0,118.61000061035156,118.02999877929688,76322100.0,117.30682373046875
2020-11-19,119.05999755859375,116.80999755859375,117.58999633789062,118.63999938964844,74113000.0,117.9130859375
2020-11-20,118.7699966430664,117.29000091552734,118.63999938964844,117.33999633789062,73604300.0,116.62104797363281
2020-11-23,117.62000274658203,113.75,117.18000030517578,113.8499984741211,127959300.0,113.15243530273438
2020-11-24,115.8499984741211,112.58999633789062,113.91000366210938,115.16999816894531,113874200.0,114.46435546875
2020-11-25,116.75,115.16999816894531,115.55000305175781,116.02999877929688,76499200.0,115.31907653808594
2020-11-27,117.48999786376953,116.22000122070312,116.56999969482422,116.58999633789062,46691300.0,115.87564849853516
2020-11-30,120.97000122070312,116.80999755859375,116.97000122070312,119.05000305175781,169410200.0,118.3205795288086
2020-12-01,123.47000122070312,120.01000213623047,121.01000213623047,122.72000122070312,127728200.0,121.96809387207031
2020-12-02,123.37000274658203,120.88999938964844,122.0199966430664,123.08000183105469,89004200.0,122.32589721679688
2020-12-03,123.77999877929688,122.20999908447266,123.5199966430664,122.94000244140625,78967600.0,122.1867446899414
2020-12-04,122.86000061035156,121.5199966430664,122.5999984741211,122.25,78260400.0,121.5009765625
2020-12-07,124.56999969482422,122.25,122.30999755859375,123.75,86712000.0,122.99179077148438
2020-12-08,124.9800033569336,123.08999633789062,124.37000274658203,124.37999725341797,82225500.0,123.617919921875
2020-12-09,125.94999694824219,121.0,124.52999877929688,121.77999877929688,115089200.0,121.03384399414062
2020-12-10,123.87000274658203,120.1500015258789,120.5,123.23999786376953,81312200.0,122.48490142822266
2020-12-11,122.76000213623047,120.55000305175781,122.43000030517578,122.41000366210938,86939800.0,121.65998840332031
2020-12-14,123.3499984741211,121.54000091552734,122.5999984741211,121.77999877929688,79184500.0,121.03384399414062
2020-12-15,127.9000015258789,124.12999725341797,124.33999633789062,127.87999725341797,157243700.0,127.09648132324219
2020-12-16,128.3699951171875,126.55999755859375,127.41000366210938,127.80999755859375,98208600.0,127.02690124511719
2020-12-17,129.5800018310547,128.0399932861328,128.89999389648438,128.6999969482422,94359800.0,127.91144561767578
2020-12-18,129.10000610351562,126.12000274658203,128.9600067138672,126.66000366210938,192541500.0,125.88395690917969
2020-12-21,128.30999755859375,123.44999694824219,125.0199966430664,128.22999572753906,121251600.0,127.44432830810547
2020-12-22,134.41000366210938,129.64999389648438,131.61000061035156,131.8800048828125,168904800.0,131.0719757080078
2020-12-23,132.42999267578125,130.77999877929688,132.16000366210938,130.9600067138672,88223700.0,130.15760803222656
2020-12-24,133.4600067138672,131.10000610351562,131.32000732421875,131.97000122070312,54930100.0,131.16140747070312
2020-12-28,137.33999633789062,133.50999450683594,133.99000549316406,136.69000244140625,124486200.0,135.85250854492188
2020-12-29,138.7899932861328,134.33999633789062,138.0500030517578,134.8699951171875,121047300.0,134.04364013671875
2020-12-30,135.99000549316406,133.39999389648438,135.5800018310547,133.72000122070312,96452100.0,132.90069580078125
2020-12-31,134.74000549316406,131.72000122070312,134.0800018310547,132.69000244140625,99116600.0,131.8769989013672
2021-01-04,133.61000061035156,126.76000213623047,133.52000427246094,129.41000366210938,143301900.0,128.6171112060547
2021-01-05,131.74000549316406,128.42999267578125,128.88999938964844,131.00999450683594,97664900.0,130.20729064941406
2021-01-06,131.0500030517578,126.37999725341797,127.72000122070312,126.5999984741211,155088000.0,125.82432556152344
2021-01-07,131.6300048828125,127.86000061035156,128.36000061035156,130.9199981689453,109578200.0,130.1178436279297
2021-01-08,132.6300048828125,130.22999572753906,132.42999267578125,132.0500030517578,105158200.0,131.24090576171875
2021-01-11,130.1699981689453,128.5,129.19000244140625,128.97999572753906,100384500.0,128.1897430419922
2021-01-12,129.69000244140625,126.86000061035156,128.5,128.8000030517578,91951100.0,128.01084899902344
2021-01-13,131.4499969482422,128.49000549316406,128.75999450683594,130.88999938964844,88636800.0,130.08802795410156
2021-01-14,131.0,128.75999450683594,130.8000030517578,128.91000366210938,90221800.0,128.1201629638672
2021-01-15,130.22000122070312,127.0,128.77999877929688,127.13999938964844,111598500.0,126.36101531982422
2021-01-19,128.7100067138672,126.94000244140625,127.77999877929688,127.83000183105469,90757300.0,127.04678344726562
2021-01-20,132.49000549316406,128.5500030517578,128.66000366210938,132.02999877929688,104319500.0,131.22103881835938
2021-01-21,139.6699981689453,133.58999633789062,133.8000030517578,136.8699951171875,120150900.0,136.03140258789062
2021-01-22,139.85000610351562,135.02000427246094,136.27999877929688,139.07000732421875,114459400.0,138.21791076660156
2021-01-25,145.08999633789062,136.5399932861328,143.07000732421875,142.9199981689453,157611700.0,142.0443115234375
2021-01-26,144.3000030517578,141.3699951171875,143.60000610351562,143.16000366210938,98390600.0,142.28286743164062
2021-01-27,144.3000030517578,140.41000366210938,143.42999267578125,142.05999755859375,140843800.0,141.18959045410156
2021-01-28,141.99000549316406,136.6999969482422,139.52000427246094,137.08999633789062,142621100.0,136.2500457763672
2021-01-29,136.74000549316406,130.2100067138672,135.8300018310547,131.9600067138672,177523800.0,131.15147399902344
2021-02-01,135.3800048828125,130.92999267578125,133.75,134.13999938964844,106239800.0,133.318115234375
2021-02-02,136.30999755859375,134.61000061035156,135.72999572753906,134.99000549316406,83305400.0,134.16293334960938
2021-02-03,135.77000427246094,133.61000061035156,135.75999450683594,133.94000244140625,89880900.0,133.11932373046875
2021-02-04,137.39999389648438,134.58999633789062,136.3000030517578,137.38999938964844,84183100.0,136.5482177734375
2021-02-05,137.4199981689453,135.86000061035156,137.35000610351562,136.75999450683594,75693800.0,136.1251678466797
2021-02-08,136.9600067138672,134.9199981689453,136.02999877929688,136.91000366210938,71297200.0,136.2744903564453
2021-02-09,137.8800048828125,135.85000610351562,136.6199951171875,136.00999450683594,76774200.0,135.37864685058594
2021-02-10,136.99000549316406,134.39999389648438,136.47999572753906,135.38999938964844,73046600.0,134.7615203857422
2021-02-11,136.38999938964844,133.77000427246094,135.89999389648438,135.1300048828125,64280000.0,134.50274658203125
2021-02-12,135.52999877929688,133.69000244140625,134.35000610351562,135.3699951171875,60145100.0,134.74160766601562
2021-02-16,136.00999450683594,132.7899932861328,135.49000549316406,133.19000244140625,80576300.0,132.57176208496094
2021-02-17,132.22000122070312,129.47000122070312,131.25,130.83999633789062,97918500.0,130.232666015625
2021-02-18,130.0,127.41000366210938,129.1999969482422,129.7100067138672,96856700.0,129.10789489746094
2021-02-19,130.7100067138672,128.8000030517578,130.24000549316406,129.8699951171875,87668800.0,129.2671661376953
2021-02-22,129.72000122070312,125.5999984741211,128.00999450683594,126.0,103916400.0,125.41513061523438
2021-02-23,126.70999908447266,118.38999938964844,123.76000213623047,125.86000061035156,158273000.0,125.27577209472656
2021-02-24,125.55999755859375,122.2300033569336,124.94000244140625,125.3499984741211,111039900.0,124.76814270019531
2021-02-25,126.45999908447266,120.54000091552734,124.68000030517578,120.98999786376953,148199500.0,120.42838287353516
2021-02-26,124.8499984741211,121.19999694824219,122.58999633789062,121.26000213623047,164560400.0,120.69712829589844
2021-03-01,127.93000030517578,122.79000091552734,123.75,127.79000091552734,116307900.0,127.19682312011719
2021-03-02,128.72000122070312,125.01000213623047,128.41000366210938,125.12000274658203,102260900.0,124.5392074584961
2021-03-03,125.70999908447266,121.83999633789062,124.80999755859375,122.05999755859375,112966300.0,121.493408203125
2021-03-04,123.5999984741211,118.62000274658203,121.75,120.12999725341797,178155000.0,119.5723648071289
2021-03-05,121.94000244140625,117.56999969482422,120.9800033569336,121.41999816894531,153766600.0,120.85638427734375
2021-03-08,121.0,116.20999908447266,120.93000030517578,116.36000061035156,154376600.0,115.81986999511719
2021-03-09,122.05999755859375,118.79000091552734,119.02999877929688,121.08999633789062,129525800.0,120.52791595458984
2021-03-10,122.16999816894531,119.44999694824219,121.69000244140625,119.9800033569336,111943300.0,119.42308044433594
2021-03-11,123.20999908447266,121.26000213623047,122.54000091552734,121.95999908447266,103026500.0,121.39387512207031
2021-03-12,121.16999816894531,119.16000366210938,120.4000015258789,121.02999877929688,88105100.0,120.46819305419922
2021-03-15,124.0,120.41999816894531,121.41000366210938,123.98999786376953,92403800.0,123.41445922851562
2021-03-16,127.22000122070312,124.72000122070312,125.69999694824219,125.56999969482422,115227900.0,124.98712158203125
2021-03-17,125.86000061035156,122.33999633789062,124.05000305175781,124.76000213623047,111932600.0,124.1808853149414
2021-03-18,123.18000030517578,120.31999969482422,122.87999725341797,120.52999877929688,121229700.0,119.97051239013672
2021-03-19,121.43000030517578,119.68000030517578,119.9000015258789,119.98999786376953,185549500.0,119.43302154541016
2021-03-22,123.87000274658203,120.26000213623047,120.33000183105469,123.38999938964844,111912300.0,122.81724548339844
2021-03-23,124.23999786376953,122.13999938964844,123.33000183105469,122.54000091552734,95467100.0,121.97119140625
2021-03-24,122.9000015258789,120.06999969482422,122.81999969482422,120.08999633789062,88530500.0,119.53255462646484
2021-03-25,121.66000366210938,119.0,119.54000091552734,120.58999633789062,98844700.0,120.03023529052734
2021-03-26,121.4800033569336,118.91999816894531,120.3499984741211,121.20999908447266,94071200.0,120.6473617553711
2021-03-29,122.58000183105469,120.7300033569336,121.6500015258789,121.38999938964844,80819200.0,120.82652282714844
2021-03-30,120.4000015258789,118.86000061035156,120.11000061035156,119.9000015258789,85671900.0,119.34343719482422
2021-03-31,123.5199966430664,121.1500015258789,121.6500015258789,122.1500015258789,118323800.0,121.58300018310547
2021-04-01,124.18000030517578,122.48999786376953,123.66000366210938,123.0,75089100.0,122.42904663085938
2021-04-05,126.16000366210938,123.06999969482422,123.87000274658203,125.9000015258789,88651200.0,125.31559753417969
2021-04-06,127.12999725341797,125.6500015258789,126.5,126.20999908447266,80171300.0,125.62415313720703
2021-04-07,127.91999816894531,125.13999938964844,125.83000183105469,127.9000015258789,83466700.0,127.30630493164062
2021-04-08,130.38999938964844,128.52000427246094,128.9499969482422,130.36000061035156,88844600.0,129.7548828125
2021-04-09,133.0399932861328,129.47000122070312,129.8000030517578,133.0,106686700.0,132.38262939453125
2021-04-12,132.85000610351562,130.6300048828125,132.52000427246094,131.24000549316406,91420000.0,130.6308135986328
2021-04-13,134.66000366210938,131.92999267578125,132.44000244140625,134.42999267578125,91266500.0,133.8059844970703
2021-04-14,135.0,131.66000366210938,134.94000244140625,132.02999877929688,87222800.0,131.41712951660156
2021-04-15,135.0,133.63999938964844,133.82000732421875,134.5,89347100.0,133.87567138671875
2021-04-16,134.6699981689453,133.27999877929688,134.3000030517578,134.16000366210938,84922400.0,133.53726196289062
2021-04-19,135.47000122070312,133.33999633789062,133.50999450683594,134.83999633789062,94264200.0,134.21408081054688
2021-04-20,135.52999877929688,131.80999755859375,135.02000427246094,133.11000061035156,94812300.0,132.49212646484375
2021-04-21,133.75,131.3000030517578,132.36000061035156,133.5,68847100.0,132.8802947998047
2021-04-22,134.14999389648438,131.41000366210938,133.0399932861328,131.94000244140625,84566500.0,131.3275604248047
2021-04-23,135.1199951171875,132.16000366210938,132.16000366210938,134.32000732421875,78657500.0,133.69650268554688
2021-04-26,135.05999755859375,133.55999755859375,134.8300018310547,134.72000122070312,66905100.0,134.0946502685547
2021-04-27,135.41000366210938,134.11000061035156,135.00999450683594,134.38999938964844,66015800.0,133.76617431640625
2021-04-28,135.02000427246094,133.0800018310547,134.30999755859375,133.5800018310547,107760100.0,132.95994567871094
2021-04-29,137.07000732421875,132.4499969482422,136.47000122070312,133.47999572753906,151101000.0,132.8603973388672
2021-04-30,133.55999755859375,131.07000732421875,131.77999877929688,131.4600067138672,109839500.0,130.84979248046875
2021-05-03,134.07000732421875,131.8300018310547,132.0399932861328,132.5399932861328,75135100.0,131.9247589111328
2021-05-04,131.49000549316406,126.69999694824219,131.19000244140625,127.8499984741211,137564700.0,127.25653839111328
2021-05-05,130.4499969482422,127.97000122070312,129.1999969482422,128.10000610351562,84000900.0,127.50538635253906
2021-05-06,129.75,127.12999725341797,127.88999938964844,129.74000549316406,78128300.0,129.13775634765625
2021-05-07,131.25999450683594,129.47999572753906,130.85000610351562,130.2100067138672,78973300.0,129.82574462890625
2021-05-10,129.5399932861328,126.80999755859375,129.41000366210938,126.8499984741211,88071200.0,126.47563934326172
2021-05-11,126.2699966430664,122.7699966430664,123.5,125.91000366210938,126142800.0,125.53842163085938
2021-05-12,124.63999938964844,122.25,123.4000015258789,122.7699966430664,112172300.0,122.40768432617188
2021-05-13,126.1500015258789,124.26000213623047,124.58000183105469,124.97000122070312,105861300.0,124.60118865966797
2021-05-14,127.88999938964844,125.8499984741211,126.25,127.44999694824219,81918000.0,127.07386779785156
2021-05-17,126.93000030517578,125.16999816894531,126.81999969482422,126.2699966430664,74244600.0,125.89735412597656
2021-05-18,126.98999786376953,124.77999877929688,126.55999755859375,124.8499984741211,63342900.0,124.4815444946289
2021-05-19,124.91999816894531,122.86000061035156,123.16000366210938,124.69000244140625,92612000.0,124.322021484375
2021-05-20,127.72000122070312,125.0999984741211,125.2300033569336,127.30999755859375,76857100.0,126.93428039550781
2021-05-21,128.0,125.20999908447266,127.81999969482422,125.43000030517578,79295400.0,125.0598373413086
2021-05-24,127.94000244140625,125.94000244140625,126.01000213623047,127.0999984741211,63092900.0,126.72489929199219
2021-05-25,128.32000732421875,126.31999969482422,127.81999969482422,126.9000015258789,72009500.0,126.52549743652344
2021-05-26,127.38999938964844,126.41999816894531,126.95999908447266,126.8499984741211,56575900.0,126.47563934326172
2021-05-27,127.63999938964844,125.08000183105469,126.44000244140625,125.27999877929688,94625600.0,124.91027069091797
2021-05-28,125.80000305175781,124.55000305175781,125.56999969482422,124.61000061035156,71311100.0,124.24225616455078
2021-06-01,125.3499984741211,123.94000244140625,125.08000183105469,124.27999877929688,67637100.0,123.91322326660156
2021-06-02,125.23999786376953,124.05000305175781,124.27999877929688,125.05999755859375,59278900.0,124.69091796875
2021-06-03,124.8499984741211,123.12999725341797,124.68000030517578,123.54000091552734,76229200.0,123.1754150390625
2021-06-04,126.16000366210938,123.8499984741211,124.06999969482422,125.88999938964844,75169300.0,125.51847839355469
2021-06-07,126.31999969482422,124.83000183105469,126.16999816894531,125.9000015258789,71057600.0,125.52845001220703
2021-06-08,128.4600067138672,126.20999908447266,126.5999984741211,126.73999786376953,74403800.0,126.365966796875
2021-06-09,127.75,126.5199966430664,127.20999908447266,127.12999725341797,56877900.0,126.75482177734375
2021-06-10,128.19000244140625,125.94000244140625,127.0199966430664,126.11000061035156,71186400.0,125.73783111572266
2021-06-11,127.44000244140625,126.0999984741211,126.52999877929688,127.3499984741211,53522400.0,126.97416687011719
2021-06-14,130.5399932861328,127.06999969482422,127.81999969482422,130.47999572753906,96906500.0,130.0949249267578
2021-06-15,130.60000610351562,129.38999938964844,129.94000244140625,129.63999938964844,62746300.0,129.25741577148438
2021-06-16,130.88999938964844,128.4600067138672,130.3699951171875,130.14999389648438,91815000.0,129.76589965820312
2021-06-17,132.5500030517578,129.64999389648438,129.8000030517578,131.7899932861328,96721700.0,131.40106201171875
2021-06-18,131.50999450683594,130.24000549316406,130.7100067138672,130.4600067138672,108953300.0,130.0749969482422
2021-06-21,132.41000366210938,129.2100067138672,130.3000030517578,132.3000030517578,79663300.0,131.90956115722656
2021-06-22,134.0800018310547,131.6199951171875,132.1300048828125,133.97999572753906,74783600.0,133.5845947265625
2021-06-23,134.32000732421875,133.22999572753906,133.77000427246094,133.6999969482422,60214200.0,133.30543518066406
2021-06-24,134.63999938964844,132.92999267578125,134.4499969482422,133.41000366210938,68711000.0,133.0162811279297
2021-06-25,133.88999938964844,132.80999755859375,133.4600067138672,133.11000061035156,70783700.0,132.71717834472656
2021-06-28,135.25,133.35000610351562,133.41000366210938,134.77999877929688,62111300.0,134.3822479248047
2021-06-29,136.49000549316406,134.35000610351562,134.8000030517578,136.3300018310547,64556100.0,135.92767333984375
2021-06-30,137.41000366210938,135.8699951171875,136.1699981689453,136.9600067138672,63261400.0,136.55581665039062
2021-07-01,137.3300018310547,135.75999450683594,136.60000610351562,137.27000427246094,52485800.0,136.86489868164062
2021-07-02,140.0,137.75,137.89999389648438,139.9600067138672,78852600.0,139.54696655273438
2021-07-06,143.14999389648438,140.07000732421875,140.07000732421875,142.02000427246094,108181800.0,141.6008758544922
2021-07-07,144.88999938964844,142.66000366210938,143.5399932861328,144.57000732421875,104911600.0,144.1433563232422
2021-07-08,144.05999755859375,140.6699981689453,141.5800018310547,143.24000549316406,105575500.0,142.81727600097656
2021-07-09,145.64999389648438,142.64999389648438,142.75,145.11000061035156,99890800.0,144.6817626953125
2021-07-12,146.32000732421875,144.0,146.2100067138672,144.5,76299700.0,144.0735626220703
2021-07-13,147.4600067138672,143.6300048828125,144.02999877929688,145.63999938964844,100827100.0,145.21018981933594
2021-07-14,149.57000732421875,147.67999267578125,148.10000610351562,149.14999389648438,127050800.0,148.70982360839844
2021-07-15,150.0,147.08999633789062,149.24000549316406,148.47999572753906,106820300.0,148.04180908203125
2021-07-16,149.75999450683594,145.8800048828125,148.4600067138672,146.38999938964844,93251400.0,145.95797729492188
2021-07-19,144.07000732421875,141.6699981689453,143.75,142.4499969482422,121434600.0,142.02960205078125
2021-07-20,147.10000610351562,142.9600067138672,143.4600067138672,146.14999389648438,96350000.0,145.7186737060547
2021-07-21,146.1300048828125,144.6300048828125,145.52999877929688,145.39999389648438,74993500.0,144.9709014892578
2021-07-22,148.1999969482422,145.80999755859375,145.94000244140625,146.8000030517578,77338200.0,146.36676025390625
2021-07-23,148.72000122070312,146.9199981689453,147.5500030517578,148.55999755859375,71447400.0,148.12158203125
2021-07-26,149.8300018310547,147.6999969482422,148.27000427246094,148.99000549316406,72434100.0,148.55032348632812
2021-07-27,149.2100067138672,145.5500030517578,149.1199951171875,146.77000427246094,104818600.0,146.33685302734375
2021-07-28,146.97000122070312,142.5399932861328,144.80999755859375,144.97999572753906,118931200.0,144.55213928222656
2021-07-29,146.5500030517578,144.5800018310547,144.69000244140625,145.63999938964844,56699500.0,145.21018981933594
2021-07-30,146.3300018310547,144.11000061035156,144.3800048828125,145.86000061035156,70382000.0,145.42953491210938
2021-08-02,146.9499969482422,145.25,146.36000061035156,145.52000427246094,62880000.0,145.09054565429688
2021-08-03,148.0399932861328,145.17999267578125,145.80999755859375,147.36000061035156,64786600.0,146.92510986328125
2021-08-04,147.7899932861328,146.27999877929688,147.27000427246094,146.9499969482422,56368300.0,146.51632690429688
2021-08-05,147.83999633789062,146.1699981689453,146.97999572753906,147.05999755859375,46397700.0,146.62600708007812
2021-08-06,147.11000061035156,145.6300048828125,146.35000610351562,146.13999938964844,54067400.0,145.92701721191406
2021-08-09,146.6999969482422,145.52000427246094,146.1999969482422,146.08999633789062,48908700.0,145.87709045410156
2021-08-10,147.7100067138672,145.3000030517578,146.44000244140625,145.60000610351562,69023100.0,145.3878173828125
2021-08-11,146.72000122070312,145.52999877929688,146.0500030517578,145.86000061035156,48493500.0,145.64743041992188
2021-08-12,149.0500030517578,145.83999633789062,146.19000244140625,148.88999938964844,72282600.0,148.6730194091797
2021-08-13,149.44000244140625,148.27000427246094,148.97000122070312,149.10000610351562,59318800.0,148.88272094726562
2021-08-16,151.19000244140625,146.47000122070312,148.5399932861328,151.1199951171875,103296000.0,150.89976501464844
2021-08-17,151.67999267578125,149.08999633789062,150.22999572753906,150.19000244140625,92229700.0,149.97113037109375
2021-08-18,150.72000122070312,146.14999389648438,149.8000030517578,146.36000061035156,86326000.0,146.14669799804688
2021-08-19,148.0,144.5,145.02999877929688,146.6999969482422,86960300.0,146.4862060546875
2021-08-20,148.5,146.77999877929688,147.44000244140625,148.19000244140625,59947400.0,147.9740447998047
2021-08-23,150.19000244140625,147.88999938964844,148.30999755859375,149.7100067138672,60131800.0,149.49183654785156
2021-08-24,150.86000061035156,149.14999389648438,149.4499969482422,149.6199951171875,48606400.0,149.40194702148438
2021-08-25,150.32000732421875,147.8000030517578,149.80999755859375,148.36000061035156,58991300.0,148.14378356933594
2021-08-26,149.1199951171875,147.50999450683594,148.35000610351562,147.5399932861328,48597200.0,147.32498168945312
2021-08-27,148.75,146.8300018310547,147.47999572753906,148.60000610351562,55721500.0,148.38345336914062
2021-08-30,153.49000549316406,148.61000061035156,149.0,153.1199951171875,90956700.0,152.8968505859375
2021-08-31,152.8000030517578,151.2899932861328,152.66000366210938,151.8300018310547,86453100.0,151.60873413085938
2021-09-01,154.97999572753906,152.33999633789062,152.8300018310547,152.50999450683594,80313700.0,152.28773498535156
2021-09-02,154.72000122070312,152.39999389648438,153.8699951171875,153.64999389648438,71115500.0,153.4260711669922
2021-09-03,154.6300048828125,153.08999633789062,153.75999450683594,154.3000030517578,57808700.0,154.07513427734375
2021-09-07,157.25999450683594,154.38999938964844,154.97000122070312,156.69000244140625,82278300.0,156.46165466308594
2021-09-08,157.0399932861328,153.97999572753906,156.97999572753906,155.11000061035156,74420200.0,154.8839569091797
2021-09-09,156.11000061035156,153.9499969482422,155.49000549316406,154.07000732421875,57305700.0,153.84547424316406
2021-09-10,155.47999572753906,148.6999969482422,155.0,148.97000122070312,140646400.0,148.75289916992188
2021-09-13,151.4199981689453,148.75,150.6300048828125,149.5500030517578,102404300.0,149.33206176757812
2021-09-14,151.07000732421875,146.91000366210938,150.35000610351562,148.1199951171875,109296300.0,147.9041290283203
2021-09-15,149.44000244140625,146.3699951171875,148.55999755859375,149.02999877929688,83281300.0,148.81280517578125
2021-09-16,148.97000122070312,147.22000122070312,148.44000244140625,148.7899932861328,68034100.0,148.57315063476562
2021-09-17,148.82000732421875,145.75999450683594,148.82000732421875,146.05999755859375,129868800.0,145.84713745117188
2021-09-20,144.83999633789062,141.27000427246094,143.8000030517578,142.94000244140625,123478900.0,142.731689453125
2021-09-21,144.60000610351562,142.77999877929688,143.92999267578125,143.42999267578125,75834000.0,143.22096252441406
2021-09-22,146.42999267578125,143.6999969482422,144.4499969482422,145.85000610351562,76404300.0,145.637451171875
2021-09-23,147.0800018310547,145.63999938964844,146.64999389648438,146.8300018310547,64838200.0,146.61602783203125
2021-09-24,147.47000122070312,145.55999755859375,145.66000366210938,146.9199981689453,53477900.0,146.7058868408203
2021-09-27,145.9600067138672,143.82000732421875,145.47000122070312,145.3699951171875,74150700.0,145.15814208984375
2021-09-28,144.75,141.69000244140625,143.25,141.91000366210938,108972300.0,141.70318603515625
2021-09-29,144.4499969482422,142.02999877929688,142.47000122070312,142.8300018310547,74602000.0,142.62185668945312
2021-09-30,144.3800048828125,141.27999877929688,143.66000366210938,141.5,88934200.0,141.29379272460938
2021-10-01,142.9199981689453,139.11000061035156,141.89999389648438,142.64999389648438,94639600.0,142.44210815429688
2021-10-04,142.2100067138672,138.27000427246094,141.75999450683594,139.13999938964844,98322000.0,138.93722534179688
2021-10-05,142.24000549316406,139.36000061035156,139.49000549316406,141.11000061035156,80861100.0,140.90435791015625
2021-10-06,142.14999389648438,138.3699951171875,139.47000122070312,142.0,83221100.0,141.79306030273438
2021-10-07,144.22000122070312,142.72000122070312,143.05999755859375,143.2899932861328,61732700.0,143.0811767578125
2021-10-08,144.17999267578125,142.55999755859375,144.02999877929688,142.89999389648438,58718700.0,142.69174194335938
2021-10-11,144.80999755859375,141.80999755859375,142.27000427246094,142.80999755859375,64452200.0,142.6018829345703
2021-10-12,143.25,141.0399932861328,143.22999572753906,141.50999450683594,73035900.0,141.30377197265625
2021-10-13,141.39999389648438,139.1999969482422,141.24000549316406,140.91000366210938,78762700.0,140.70465087890625
2021-10-14,143.8800048828125,141.50999450683594,142.11000061035156,143.75999450683594,69907100.0,143.5504913330078
2021-10-15,144.89999389648438,143.50999450683594,143.77000427246094,144.83999633789062,67885200.0,144.62892150878906
2021-10-18,146.83999633789062,143.16000366210938,143.4499969482422,146.5500030517578,85589200.0,146.33642578125
2021-10-19,149.1699981689453,146.5500030517578,147.00999450683594,148.75999450683594,76378900.0,148.54319763183594
2021-10-20,149.75,148.1199951171875,148.6999969482422,149.25999450683594,58418800.0,149.04248046875
2021-10-21,149.63999938964844,147.8699951171875,148.80999755859375,149.47999572753906,61421000.0,149.26214599609375
2021-10-22,150.17999267578125,148.63999938964844,149.69000244140625,148.69000244140625,58883400.0,148.4733123779297
2021-10-25,149.3699951171875,147.6199951171875,148.67999267578125,148.63999938964844,50720600.0,148.4233856201172
2021-10-26,150.83999633789062,149.00999450683594,149.3300018310547,149.32000732421875,60893400.0,149.10240173339844
2021-10-27,149.72999572753906,148.49000549316406,149.36000061035156,148.85000610351562,56094900.0,148.63308715820312
2021-10-28,153.1699981689453,149.72000122070312,149.82000732421875,152.57000732421875,100077900.0,152.34765625
2021-10-29,149.94000244140625,146.41000366210938,147.22000122070312,149.8000030517578,124850400.0,149.58169555664062
2021-11-01,149.6999969482422,147.8000030517578,148.99000549316406,148.9600067138672,74588300.0,148.742919921875
2021-11-02,151.57000732421875,148.64999389648438,148.66000366210938,150.02000427246094,69122000.0,149.80137634277344
2021-11-03,151.97000122070312,149.82000732421875,150.38999938964844,151.49000549316406,54511500.0,151.2692413330078
2021-11-04,152.42999267578125,150.63999938964844,151.5800018310547,150.9600067138672,60394600.0,150.74000549316406
2021-11-05,152.1999969482422,150.05999755859375,151.88999938964844,151.27999877929688,65414600.0,151.27999877929688
2021-11-08,151.57000732421875,150.16000366210938,151.41000366210938,150.44000244140625,55020900.0,150.44000244140625
2021-11-09,151.42999267578125,150.05999755859375,150.1999969482422,150.80999755859375,56787900.0,150.80999755859375
2021-11-10,150.1300048828125,147.85000610351562,150.02000427246094,147.9199981689453,65187100.0,147.9199981689453
2021-11-11,149.42999267578125,147.67999267578125,148.9600067138672,147.8699951171875,41000000.0,147.8699951171875
2021-11-12,150.39999389648438,147.47999572753906,148.42999267578125,149.99000549316406,63632600.0,149.99000549316406
